ds,holiday
16/05/2018,ramadhan
17/05/2018,ramadhan
18/05/2018,ramadhan
19/05/2018,ramadhan
20/05/2018,ramadhan
21/05/2018,ramadhan
22/05/2018,ramadhan
23/05/2018,ramadhan
24/05/2018,ramadhan
25/05/2018,ramadhan
26/05/2018,ramadhan
27/05/2018,ramadhan
28/05/2018,ramadhan
29/05/2018,ramadhan
30/05/2018,ramadhan
31/05/2018,ramadhan
01/06/2018,ramadhan
02/06/2018,ramadhan
03/06/2018,ramadhan
04/06/2018,ramadhan
05/06/2018,ramadhan
06/06/2018,ramadhan
07/06/2018,ramadhan
08/06/2018,ramadhan
09/06/2018,ramadhan
10/06/2018,ramadhan
11/06/2018,ramadhan
12/06/2018,ramadhan
13/06/2018,ramadhan
14/06/2018,ramadhan
05/05/2019,ramadhan
06/05/2019,ramadhan
07/05/2019,ramadhan
08/05/2019,ramadhan
09/05/2019,ramadhan
10/05/2019,ramadhan
11/05/2019,ramadhan
12/05/2019,ramadhan
13/05/2019,ramadhan
14/05/2019,ramadhan
15/05/2019,ramadhan
16/05/2019,ramadhan
17/05/2019,ramadhan
18/05/2019,ramadhan
19/05/2019,ramadhan
20/05/2019,ramadhan
21/05/2019,ramadhan
22/05/2019,ramadhan
23/05/2019,ramadhan
24/05/2019,ramadhan
25/05/2019,ramadhan
26/05/2019,ramadhan
27/05/2019,ramadhan
28/05/2019,ramadhan
29/05/2019,ramadhan
30/05/2019,ramadhan
31/05/2019,ramadhan
01/06/2019,ramadhan
02/06/2019,ramadhan
03/06/2019,ramadhan
04/06/2019,ramadhan
23/04/2020,ramadhan
24/04/2020,ramadhan
25/04/2020,ramadhan
26/04/2020,ramadhan
27/04/2020,ramadhan
28/04/2020,ramadhan
29/04/2020,ramadhan
30/04/2020,ramadhan
01/05/2020,ramadhan
02/05/2020,ramadhan
03/05/2020,ramadhan
04/05/2020,ramadhan
05/05/2020,ramadhan
06/05/2020,ramadhan
07/05/2020,ramadhan
08/05/2020,ramadhan
09/05/2020,ramadhan
10/05/2020,ramadhan
11/05/2020,ramadhan
12/05/2020,ramadhan
13/05/2020,ramadhan
14/05/2020,ramadhan
15/05/2020,ramadhan
16/05/2020,ramadhan
17/05/2020,ramadhan
18/05/2020,ramadhan
19/05/2020,ramadhan
20/05/2020,ramadhan
21/05/2020,ramadhan
22/05/2020,ramadhan
23/05/2020,ramadhan
12/04/2021,ramadhan
13/04/2021,ramadhan
14/04/2021,ramadhan
15/04/2021,ramadhan
16/04/2021,ramadhan
17/04/2021,ramadhan
18/04/2021,ramadhan
19/04/2021,ramadhan
20/04/2021,ramadhan
21/04/2021,ramadhan
22/04/2021,ramadhan
23/04/2021,ramadhan
24/04/2021,ramadhan
25/04/2021,ramadhan
26/04/2021,ramadhan
27/04/2021,ramadhan
28/04/2021,ramadhan
29/04/2021,ramadhan
30/04/2021,ramadhan
01/05/2021,ramadhan
02/05/2021,ramadhan
03/05/2021,ramadhan
04/05/2021,ramadhan
05/05/2021,ramadhan
06/05/2021,ramadhan
07/05/2021,ramadhan
08/05/2021,ramadhan
09/05/2021,ramadhan
10/05/2021,ramadhan
11/05/2021,ramadhan
12/05/2021,ramadhan
02/04/2022,ramadhan
03/04/2022,ramadhan
04/04/2022,ramadhan
05/04/2022,ramadhan
06/04/2022,ramadhan
07/04/2022,ramadhan
08/04/2022,ramadhan
09/04/2022,ramadhan
10/04/2022,ramadhan
11/04/2022,ramadhan
12/04/2022,ramadhan
13/04/2022,ramadhan
14/04/2022,ramadhan
15/04/2022,ramadhan
16/04/2022,ramadhan
17/04/2022,ramadhan
18/04/2022,ramadhan
19/04/2022,ramadhan
20/04/2022,ramadhan
21/04/2022,ramadhan
22/04/2022,ramadhan
23/04/2022,ramadhan
24/04/2022,ramadhan
25/04/2022,ramadhan
26/04/2022,ramadhan
27/04/2022,ramadhan
28/04/2022,ramadhan
29/04/2022,ramadhan
30/04/2022,ramadhan
01/05/2022,ramadhan
